clave,nombre,unidad,N,K2O,P2O5,MgO,CaO,kg_2425,aplicaciones,cuarteles,se_escribia,revisar
nitrato potasio,Nitrato de potasio,kg,0.13,0.46,,,,12575.0,157,30,,
urea,Urea,kg,0.46,,,,,10870.0,183,36,,
uan 32,UAN 32,L,0.32,,,,,7736.0,52,13,,
sulfato potasio soluble,Sulfato de potasio soluble,kg,,0.5,,,,6450.0,110,23,,
nitrato de magnesio,Nitrato de magnesio,kg,0.115,,,0.15,,4600.0,86,26,Nitrato de Mg / Nitrato de magnesio / nitrato de magnesio / nitrato mg,"N: la planilla trae 10.84%, 11.5%, 12%, 13%, 16% · MgO: la planilla trae 15%, 15.84%, 30%, 46%"
pow humus,Pow Humus,kg,,,,,,3680.0,20,14,pow hummus / pow humus,
qropmix urea,QropMix (urea),kg,0.46,,,,,2550.0,49,6,Qrop mix urea / QropMix / QropMix(urea) / Qropmix / Qropmix urea / qropmix urea,
prop,Prop,kg,0.12,0.03,0.58,,,2375.0,75,30,,
hiberhumus,HiberHumus,kg,,,,,,1100.0,6,5,Hiberhummus / Hiberhumus / hiber hummus / hiberhummus / hiberhumus,
calciochem,CalcioChem,kg,,,,,,1050.0,12,12,calcio chem / calciochem,
aminochem,AminoChem,kg,,,,,,800.0,9,9,,
sulfato mg 7h2o,Sulfato de magnesio 7H₂O,kg,,,,0.16,,500.0,9,7,,
bioamino l,Bioamino-L,L,,,,,,425.0,24,12,Bio amino l / Bioamino.L / bioainol / bioamino-L / bioamino-l / bioaminol,
nitrato de calcio,Nitrato de calcio,kg,0.155,,,,0.266,350.0,5,2,,
fosfato monoamonico,Fosfato monoamónico (MAP),kg,0.12,,0.6,,,325.0,13,6,,
boro high level b21,Boro High Level B21,kg,,,,,,247.0,33,10,Boro nutrafol 21 / HIGH LEVEL B21 / HIGH LEVEL B21 (BORO) / boro high level B21 / boro higt level b21 / boro higth level b21 / boro nutrafol / boro nutrafol 21 / high level b21 (boro) / highlvel b21 (boro) / nutrafol 21 boro / nutrafol B21 boro,
acido peracetico,Ácido peracético,L,,,,,,238.0,19,18,,
kalium,Kalium,L,,,,,,120.0,3,3,KALIUM / kalium,
fusamel,Fusamel,L,,,,,,100.0,4,3,Fusamel / fusamel,
infiltramas,InfiltraMás,L,,,,,,73.0,7,5,infiltra mas / infiltramas,
humus casa,Humus de casa,kg,,,,,,60.0,1,1,,
summit ready,Summit Ready,L,,,,,,52.0,3,3,sumitready / summit ready / summitready,
fosfato monopotasico,Fosfato monopotásico (MKP),kg,,0.33,0.52,,,50.0,2,2,,
blackjack,BlackJack,L,,,,,,35.0,3,3,Blackjack / blackjack,
zurich,Zurich,L,,,,,,35.0,2,1,,
acadian,Acadian,L,,,,,,31.0,4,2,,
ultra fierro,Ultra Fierro,L,,,,,,27.5,3,2,Ultrafierro / ultra ferro,
acido fosforico,Ácido fosfórico,L,,,0.85,,,14.0,1,1,,
nano soil,Nano Soil,L,,,,,,11.0,2,2,,
centeon max,Centeon Max,L,,,,,,5.0,1,1,,
biolife rhizo,Biolife Rhizo,L,,,,,,3.0,2,1,,
novatec 21,Novatec 21,kg,0.21,,,,,0.0,0,0,,
nitrato de amonio,Nitrato de amonio,kg,0.335,,,,,0.0,0,0,,"N: la planilla trae 22%, 33.5%"
sulfato de amonio,Sulfato de amonio,kg,0.21,,,,,0.0,0,0,,
potasio liquido carb,Potasio líquido carbonatado,L,,0.17,,,,0.0,0,0,,
muriato potasio,Muriato de potasio,kg,,0.6,,,,0.0,0,0,,
sulfato de zinc heptahidratado,Sulfato de zinc heptahidratado,kg,,,,,,0.0,0,0,,"la planilla anotó su ley en la columna de MgO, pero es zinc"
nitrato de amonio liquido,Nitrato de amonio líquido,L,0.22,,,,,0.0,0,0,Nitrato amonio liquido / nitrato de amonio liquido,"N: la planilla trae 18%, 22%"
aminoterra,AminoTerra,L,0.025,0.003,0.01,,,0.0,0,0,,
calcio sprint,Calcio Sprint,L,,,,,0.07,0.0,0,0,,
sft,Superfosfato triple (SFT),kg,,,0.46,,,0.0,0,0,,
